,center,count,end,start
0,140.20408163265307,5721,201.6326530612245,71.0
1,210.40816326530611,1378,289.38775510204084,201.6326530612245
2,298.1632653061224,146,342.0408163265306,289.38775510204084
3,359.59183673469386,69,438.57142857142856,342.0408163265306
4,473.67346938775506,15,19011190000.0,438.57142857142856
